yasadigi_sehir,yas,cinsiyet,egitim_durumu,meslek,yasanilan_bolge,konut_turu,Geri_donusum_aliskanligi,beslenme_turu,alisveris_aliskanligi,direkt_su_tuketimi,dolayli_su_tuketimi,su_ayak_izi_miktari,kategorize_su_ayak_izi
Istanbul,25,kadin,lisans,ogretmen,sehir merkezi,apartman dairesi,bazen,vejeteryan,genellikle,590,4284,4874,yuksek
Istanbul,32,erkek,lisans,muhendis,sehir merkezi,apartman dairesi,bazen,omnivor,yalnizca ihtiyac,370,2531,2901,dusuk
Kocaeli,36,erkek,lise,esnaf,kirsal,mustakil,yok,omnivor,genellikle,584,3520,4104,orta
Sakarya,21,kadin,lisans,ogrenci,sehir merkezi,apartman dairesi,bazen,omnivor,yalnizca ihtiyac,435,3301,3736,orta
Sakarya,22,erkek,lisans,ogrenci,sehir merkezi,apartman dairesi,yok,omnivor,yalnizca ihtiyac,465,2763,3228,dusuk
Bursa,45,kadin,ilkogretim,esnaf,sehir merkezi,apartman dairesi,bazen,omnivor,genellikle,645,3721,4366,orta
Kocaeli,48,erkek,lisans,ogretmen,sehir merkezi,apartman dairesi,yok,omnivor,yalnizca ihtiyac,467,3152,3619,orta
Sakarya,34,kadin,lisans,doktor,kirsal,mustakil,var,omnivor,genellikle,737,3794,4531,yuksek
Ankara,27,erkek,lisans,muhendis,Sehir merkezi,apartman dairesi,bazen,omnivor,yalnizca ihtiyac,340,2931,3271,dusuk
Ankara,37,erkek,lisans,doktor,sehir merkezi,mustakil,bazen,omnivor,genellikle,535,3550,4085,orta
Kocaeli,20,kadin,lisans,ogrenci,sehir merkezi,apartman dairesi,yok,vejeteryan,yalnizca ihtiyac,390,2699,3089,dusuk
Istanbul,34,kadin,lisans,muhendis,sehir merkezi,apartman dairesi,yok,omnivor,genellikle,592,3402,3994,orta
Istanbul,30,kadin,lisans,avukat,sehir merkezi,apartman dairesi,yok,omnivor,genellikle,612,4291,4903,yuksek
Bursa,43,erkek,lise,esnaf,kirsal,apartman dairesi,yok,omnivor,yalnizca ihtiyac,467,3038,3505,orta
Ankara,35,erkek,lisans,mimar,sehir merkezi,apartman dairesi,bazen,omnivor,genellikle,615,3418,4033,orta
Sakarya,24,kadin,lisans,ogrenci,sehir merkezi,apartman dairesi,bazen,vejeteryan,genellikle,422,4066,4488,orta
Sakarya,38,kadin,lisans,muhendis,kirsal,mustakil,bazen,omnivor,genellikle,685,4822,5507,yuksek
Sakarya,22,kadin,lisans,muhendis,sehir merkezi,yurt,bazen,vejeteryan,yalnizca ihtiyac,560,3097,3657,orta
Istanbul,21,kadin,lisans,muhendis,sehir merkezi,apartman dairesi,bazen,omnivor,genellikle,531,3445,3976,orta
Istanbul,25,kadin,lisans,ogretmen,sehir merkezi,apartman dairesi,bazen,omnivor,yalnizca ihtiyac,683,3038,3721,orta
Ankara,30,erkek,lisans,avukat,sehir merkezi,apartman dairesi,yok,omnivor,yalnizca ihtiyac,455,2828,3283,dusuk
Istanbul,51,erkek,lise,esnaf,sehir merkezi,apartman dairesi,yok,omnivor,genellikle,457,5500,5957,yuksek
Antalya,45,erkek,ilkogretim,ciftci,kirsal,mustakil,var,omnivor,genellikle,600,3200,3800,orta
Trabzon,37,kadin,lisans,doktor,sehir merkezi,apartman dairesi,yok,omnivor,yalnizca ihtiyac,490,3150,3640,orta
Adana,19,erkek,lisans,ogrenci,sehir merkezi,yurt,yok,vejeteryan,yalnizca ihtiyac,520,2870,3390,dusuk
Antalya,36,erkek,lisans,muhendis,sehir merkezi,apartman dairesi,yok,omnivor,genellikle,540,4600,5140,yuksek
Konya,75,erkek,lise,emekli,kirsal,mustakil,var,omnivor,yalnizca ihtiyac,430,2800,3230,dusuk
Erzurum,32,kadin,lisans,doktor,sehir merkezi,apartman dairesi,yok,vejeteryan,yalnizca ihtiyac,450,2950,3400,dusuk
Eskisehir,24,kadin,lisans,ogrenci,sehir merkezi,apartman dairesi,yok,vejeteryan,yalnizca ihtiyac,490,2900,3390,dusuk
Kocaeli,47,erkek,lise,esnaf,sehir merkezi,apartman dairesi,yok,omnivor,genellikle,490,4400,4890,yuksek
Bursa,34,erkek,lisans,mimar,sehir merkezi,apartman dairesi,yok,omnivor,genellikle,512,4589,5101,yuksek
Sakarya,42,erkek,ilkogretim,ciftci,kirsal,mustakil,var,omnivor,yalnizca ihtiyac,483,3345,3828,orta
Kocaeli,67,erkek,lise,emekli,sehir merkezi,apartman dairesi,yok,omnivor,genellikle,456,3684,4140,orta
Istanbul,29,kadin,lisans,muhendis,sehir merkezi,apartman dairesi,bazen,omnivor,genellikle,532,4613,5145,yuksek
Antalya,35,kadin,lise,ciftci,kirsal,mustakil,var,vejeteryan,yalnizca ihtiyac,412,3285,3697,orta
Eskisehir,28,erkek,lisans,ogretmen,kirsal,apartman dairesi,bazen,omnivor,genellikle,523,4352,4875,yuksek
Istanbul,27,kadin,lisans,ogretmen,sehir merkezi,apartman dairesi,bazen,vejeteryan,genellikle,590,4283,4873,yuksek
Istanbul,32,erkek,lisans,muhendis,sehir merkezi,apartman dairesi,bazen,omnivor,yalnizca ihtiyac,370,2533,2903,dusuk
Kocaeli,41,erkek,lise,esnaf,kirsal,mustakil,yok,omnivor,yalnizca ihtiyac,480,3522,4002,orta
Sakarya,22,kadin,lisans,ogrenci,sehir merkezi,apartman dairesi,bazen,omnivor,yalnizca ihtiyac,435,3308,3743,orta
Bursa,27,erkek,lisans,doktor,sehir merkezi,apartman dairesi,var,omnivor,genellikle,600,4200,4800,yuksek
Istanbul,25,kadin,lisans,muhendis,sehir merkezi,apartman dairesi,var,omnivor,genellikle,540,4520,5060,yuksek
Kocaeli,31,erkek,lise,emekli,kirsal,mustakil,yok,omnivor,yalnizca ihtiyac,500,3100,3600,orta
Sakarya,21,kadin,lisans,ogrenci,sehir merkezi,apartman dairesi,bazen,omnivor,yalnizca ihtiyac,450,2900,3350,dusuk
Istanbul,35,erkek,lise,muhendis,sehir merkezi,apartman dairesi,var,omnivor,genellikle,610,3450,4060,orta
Sakarya,29,kadin,lisans,ogretmen,sehir merkezi,apartman dairesi,bazen,omnivor,yalnizca ihtiyac,490,3300,3790,orta
Bursa,33,erkek,lisans,mimar,sehir merkezi,apartman dairesi,yok,omnivor,genellikle,560,3850,4410,orta
Bursa,36,kadin,lisans,doktor,sehir merkezi,apartman dairesi,var,omnivor,genellikle,610,4450,5060,yuksek
Kocaeli,54,erkek,lise,emekli,kirsal,mustakil,yok,omnivor,genellikle,550,3600,4150,orta
Istanbul,23,erkek,lisans,ogrenci,sehir merkezi,apartman dairesi,bazen,omnivor,yalnizca ihtiyac,480,2700,3180,dusuk
Sakarya,29,kadin,lisans,ogretmen,sehir merkezi,apartman dairesi,var,omnivor,genellikle,460,3960,4420,orta
Kocaeli,42,erkek,lisans,muhendis,kirsal,mustakil,bazen,omnivor,genellikle,750,4700,5450,yuksek
Istanbul,30,kadin,lisans,doktor,sehir merkezi,apartman dairesi,var,omnivor,genellikle,680,4550,5230,yuksek
Bursa,28,erkek,lisans,mimar,sehir merkezi,apartman dairesi,bazen,omnivor,genellikle,510,3900,4410,orta
Istanbul,26,kadin,lisans,ogrenci,sehir merkezi,apartman dairesi,yok,omnivor,yalnizca ihtiyac,450,2000,2450,dusuk
Kocaeli,32,erkek,lisans,muhendis,kirsal,mustakil,var,omnivor,genellikle,690,4700,5390,yuksek
Istanbul,25,kadin,lisans,ogretmen,sehir merkezi,apartman dairesi,bazen,Vejeteryan,genellikle,590,4284,4874,yuksek
Istanbul,32,erkek,lisans,muhendis,sehir merkezi,apartman dairesi,bazen,omnivor,yalnizca ihtiyac,370,2531,2901,dusuk
Kocaeli,36,erkek,lise,esnaf,kirsal,mustakil,yok,omnivor,genellikle,584,3520,4104,orta
Sakarya,21,kadin,lisans,ogrenci,sehir merkezi,apartman dairesi,bazen,omnivor,yalnizca ihtiyac,435,3301,3736,orta
Sakarya,22,erkek,lisans,ogrenci,sehir merkezi,apartman dairesi,yok,omnivor,yalnizca ihtiyac,465,2763,3228,dusuk
Bursa,45,kadin,ilkogretim,esnaf,sehir merkezi,apartman dairesi,bazen,omnivor,genellikle,645,3721,4366,orta
Kocaeli,48,erkek,lisans,ogretmen,sehir merkezi,apartman dairesi,yok,omnivor,yalnizca ihtiyac,467,3152,3619,orta
Sakarya,34,kadin,lisans,doktor,kirsal,mustakil,var,omnivor,genellikle,737,3794,4531,yuksek
Ankara,27,erkek,lisans,muhendis,sehir merkezi,apartman dairesi,bazen,omnivor,yalnizca ihtiyac,340,2931,3271,dusuk
Ankara,37,erkek,lisans,doktor,sehir merkezi,mustakil,bazen,omnivor,genellikle,535,3550,4085,orta
Kocaeli,20,kadin,lisans,ogrenci,sehir merkezi,apartman dairesi,yok,vejeteryan,yalnizca ihtiyac,390,2699,3089,dusuk
Istanbul,34,kadin,lisans,muhendis,sehir merkezi,apartman dairesi,yok,omnivor,genellikle,592,5402,5994,yuksek
Istanbul,30,kadin,lisans,avukat,sehir merkezi,apartman dairesi,yok,omnivor,genellikle,612,4291,4903,yuksek
Bursa,43,erkek,lise,esnaf,kirsal,apartman dairesi,yok,omnivor,yalnizca ihtiyac,467,3038,3505,orta
Ankara,35,erkek,lisans,mimar,sehir merkezi,apartman dairesi,bazen,omnivor,yalnizca ihtiyac,615,3418,4033,orta
Sakarya,24,kadin,lisans,ogrenci,sehir merkezi,apartman dairesi,bazen,vejeteryan,yalnizca ihtiyac,422,4066,4488,orta
Sakarya,38,kadin,lisans,muhendis,kirsal,mustakil,bazen,omnivor,genellikle,685,4822,5507,yuksek
Sakarya,22,kadin,lisans,muhendis,sehir merkezi,apartman dairesi,bazen,vejeteryan,yalnizca ihtiyac,560,3097,3657,orta
Istanbul,21,kadin,lisans,muhendis,sehir merkezi,apartman dairesi,bazen,omnivor,yalnizca ihtiyac,531,3445,3976,orta
Istanbul,25,kadin,lisans,ogretmen,sehir merkezi,apartman dairesi,bazen,omnivor,yalnizca ihtiyac,683,3038,3721,orta
Ankara,30,erkek,lisans,avukat,sehir merkezi,apartman dairesi,yok,omnivor,yalnizca ihtiyac,455,2828,3283,dusuk
Istanbul,51,erkek,lise,esnaf,sehir merkezi,apartman dairesi,yok,omnivor,genellikle,457,5500,5957,yuksek
Antalya,45,erkek,ilkogretim,ciftci,kirsal,mustakil,var,omnivor,yalnizca ihtiyac,600,3200,3800,orta
Trabzon,37,kadin,lisans,doktor,sehir merkezi,apartman dairesi,yok,omnivor,yalnizca ihtiyac,490,3150,3640,orta
Adana,19,erkek,lisans,ogrenci,sehir merkezi,apartman dairesi,yok,vejeteryan,yalnizca ihtiyac,520,2870,3390,dusuk
Antalya,36,erkek,lisans,muhendis,sehir merkezi,apartman dairesi,yok,omnivor,genellikle,540,4600,5140,yuksek
Konya,75,erkek,lise,emekli,kirsal,mustakil,var,omnivor,yalnizca ihtiyac,430,2800,3230,dusuk
Erzurum,32,kadin,lisans,doktor,sehir merkezi,apartman dairesi,yok,vejeteryan,yalnizca ihtiyac,450,2950,3400,dusuk
Eskisehir,24,kadin,lisans,ogrenci,sehir merkezi,apartman dairesi,yok,vejeteryan,yalnizca ihtiyac,490,2900,3390,dusuk
Kocaeli,47,erkek,lise,esnaf,sehir merkezi,apartman dairesi,yok,omnivor,genellikle,490,4400,4890,yuksek
Bursa,34,erkek,lisans,mimar,sehir merkezi,apartman dairesi,yok,omnivor,genellikle,512,4589,5101,yuksek
Sakarya,42,erkek,ilkogretim,ciftci,kirsal,mustakil,var,omnivor,yalnizca ihtiyac,483,3345,3828,orta
Kocaeli,67,erkek,lise,emekli,sehir merkezi,apartman dairesi,yok,omnivor,yalnizca ihtiyac,456,3684,4140,orta
Istanbul,29,kadin,lisans,muhendis,sehir merkezi,apartman dairesi,bazen,omnivor,genellikle,532,4613,5145,yuksek
Antalya,35,kadin,lise,ciftci,kirsal,mustakil,var,vejeteryan,yalnizca ihtiyac,412,3285,3697,orta
Eskisehir,28,erkek,lisans,ogretmen,kirsal,apartman dairesi,bazen,omnivor,genellikle,523,4352,4875,yuksek
Istanbul,27,kadin,lisans,ogretmen,sehir merkezi,apartman dairesi,bazen,vejeteryan,genellikle,390,4283,4673,yuksek
Istanbul,32,erkek,lisans,muhendis,sehir merkezi,apartman dairesi,bazen,omnivor,yalnizca ihtiyac,370,2533,2903,dusuk
Kocaeli,41,erkek,lise,esnaf,kirsal,mustakil,yok,omnivor,yalnizca ihtiyac,480,3122,3602,orta
Sakarya,22,kadin,lisans,ogrenci,sehir merkezi,apartman dairesi,bazen,omnivor,genellikle,435,3608,4043,orta
Bursa,27,erkek,lisans,doktor,sehir merkezi,apartman dairesi,var,omnivor,genellikle,600,4200,4800,yuksek
Istanbul,25,kadin,lisans,muhendis,sehir merkezi,apartman dairesi,var,omnivor,genellikle,540,5320,5860,yuksek
Kocaeli,61,erkek,lise,emekli,kirsal,mustakil,yok,omnivor,yalnizca ihtiyac,500,3100,3600,orta
Sakarya,21,kadin,lisans,ogrenci,sehir merkezi,apartman dairesi,bazen,omnivor,yalnizca ihtiyac,450,2900,3350,dusuk
